{
    "mean": 77.65093525165014,
    "std": 1.199476514623903,
    "accuracy": [
        78.09842824014429,
        76.90243902439025,
        79.10259642046887,
        78.42910101946246,
        75.72211155378486
    ]
}